StudentID,StudyTimeWeekly,GPA,GradeClass
1001,High,2.929195592,2
1002,High,3.042914833,1
1003,Very Low,0.112602254,4
1004,Moderate,2.05421814,3
1005,Very Low,1.288061182,4
1006,Low,3.084183614,1
1007,High,2.748237415,2
1008,High,1.360142712,4
1009,Very Low,2.89681919,2
1010,High,3.57347421,0
1011,Moderate,2.147171625,3
1012,Low,1.559594519,4
1013,Moderate,1.520077815,4
1014,Moderate,1.751580958,4
1015,Moderate,2.396788117,3
1016,Low,1.341520717,4
1017,Moderate,2.232175278,3
1018,Very Low,1.384404176,4
1019,High,0.469553323,4
1020,Moderate,2.395784095,3
1021,Very Low,2.7784113,2
1022,High,0.346894037,4
1023,High,0.312546231,4
1024,High,1.770131877,4
1025,Low,1.505155622,4
1026,Very Low,2.977851918,2
1027,Moderate,2.948717672,2
1028,Very Low,2.14520472,3
1029,High,2.854803929,2
1030,Very Low,1.519441726,4
1031,Low,1.72712031,4
1032,Low,1.847535471,4
1033,Low,0.384616973,4
1034,High,0.949406098,4
1035,Low,1.140959418,4
1036,Very Low,0.26147226,4
1037,Low,0.218284857,4
1038,Moderate,1.067763551,4
1039,Very Low,3.018905858,1
1040,Moderate,1.526867832,4
1041,Moderate,1.0582874,4
1042,Moderate,2.625128098,2
1043,High,2.808754822,2
1044,High,2.888891669,2
1045,High,4,0
1046,Very Low,2.515300272,2
1047,Very Low,2.56376543,2
1048,Low,1.703611803,4
1049,High,2.099885157,3
1050,High,2.461046963,3
1051,High,2.935477192,2
1052,Very Low,1.986378059,4
1053,High,1.571544191,4
1054,Low,1.66431069,4
1055,Very Low,0.756259167,4
1056,Low,0.802769539,4
1057,Very Low,1.342387178,4
1058,Moderate,0.286571288,4
1059,Low,2.613838694,2
1060,Low,0.929012555,4
1061,Moderate,1.892758696,4
1062,High,2.331261549,3
1063,Moderate,2.234238473,3
1064,Low,2.385828219,3
1065,High,3.347356744,1
1066,High,3.261855307,1
1067,Very Low,1.039623879,4
1068,Moderate,0.027818625,4
1069,Low,1.329964538,4
1070,Very Low,3.283916522,1
1071,Moderate,2.937454182,2
1072,High,0.738868203,4
1073,Very Low,2.556801663,2
1074,High,3.300928569,1
1075,High,2.200682947,3
1076,High,1.855865573,4
1077,Low,2.734401494,2
1078,High,2.131737297,3
1079,Low,0.979769911,4
1080,Moderate,0.994325024,4
1081,Very Low,2.074699977,3
1082,Very Low,0.500508036,4
1083,Moderate,2.532438418,2
1084,Low,1.463378036,4
1085,Low,2.342836773,3
1086,Very Low,1.158846334,4
1087,Moderate,1.523748745,4
1088,Very Low,0,4
1089,High,1.058622014,4
1090,Very Low,2.229740184,3
1091,Very Low,0.194743281,4
1092,Low,3.506920071,0
1093,Low,3.552286943,0
1094,Low,2.238491354,3
1095,Low,2.708472344,2
1096,High,0.732908234,4
1097,Moderate,0.965482445,4
1098,Very Low,2.55523286,2
1099,Low,0.7443223,4
1100,High,0.722056581,4
1101,Low,1.27122953,4
1102,Very Low,2.526142141,2
1103,High,0.942415395,4
1104,Moderate,1.515639098,4
1105,Moderate,0.648273927,4
1106,Very Low,2.048850082,3
1107,Very Low,0.842295999,4
1108,Moderate,1.464187924,4
1109,Very Low,1.487946865,4
1110,Moderate,2.587565796,2
1111,Moderate,3.220806978,1
1112,Low,3.545159432,0
1113,High,3.089598953,1
1114,High,1.91995644,4
1115,Moderate,2.198593185,3
1116,Very Low,0.878212617,4
1117,Very Low,1.340368648,4
1118,Low,1.819511336,4
1119,Very Low,0.619350931,4
1120,High,3.61946087,0
1121,Very Low,2.174902796,3
1122,Low,2.974406015,2
1123,Low,0.980735844,4
1124,Moderate,3.101673809,1
1125,Very Low,3.498257342,1
1126,Low,2.590553445,2
1127,Low,3.535003758,0
1128,High,2.819921745,2
1129,Very Low,2.016596775,3
1130,High,1.371185039,4
1131,High,2.104795588,3
1132,Low,3.030439089,1
1133,High,3.582421872,0
1134,Very Low,2.426546706,3
1135,High,3.16143627,1
1136,Moderate,2.12263853,3
1137,Low,2.204860581,3
1138,Low,1.1829875,4
1139,Very Low,2.738795716,2
1140,High,2.237901301,3
1141,Very Low,3.139481546,1
1142,Moderate,1.046044771,4
1143,Low,0.816458245,4
1144,High,2.033544621,3
1145,Very Low,2.432078523,3
1146,Moderate,2.65977132,2
1147,Low,3.58888794,0
1148,Moderate,2.314587628,3
1149,Very Low,1.00722582,4
1150,Very Low,2.881612321,2
1151,Very Low,2.804504929,2
1152,Moderate,1.762921124,4
1153,Very Low,1.119911263,4
1154,Moderate,1.030657506,4
1155,Very Low,3.075619354,1
1156,High,2.631434065,2
1157,High,0.503066907,4
1158,Moderate,2.784237837,2
1159,Low,0.247626765,4
1160,Very Low,1.18954877,4
1161,Very Low,3.375994009,1
1162,Low,1.293573556,4
1163,Moderate,3.718586904,0
1164,Moderate,2.670559615,2
1165,High,2.369648013,3
1166,Low,1.62448682,4
1167,Moderate,2.537476828,2
1168,Low,2.298417929,3
1169,Moderate,2.25980415,3
1170,Low,1.321343301,4
1171,Low,0.949974228,4
1172,Low,0.818786616,4
1173,Moderate,2.339224513,3
1174,High,2.682776288,2
1175,Low,1.543837471,4
1176,Very Low,0.196901105,4
1177,Low,2.748610257,2
1178,Moderate,1.104893788,4
1179,Very Low,2.553439811,2
1180,High,3.274233459,1
1181,High,3.186060378,1
1182,High,1.72211575,4
1183,Very Low,2.338046358,3
1184,High,3.273998748,1
1185,Moderate,2.993502391,2
1186,Low,0.896397899,4
1187,Moderate,2.961055259,2
1188,High,2.674351095,2
1189,Low,1.217873151,4
1190,Low,1.36559111,4
1191,Low,1.522274845,4
1192,Moderate,2.231402397,3
1193,Very Low,2.135266355,3
1194,High,2.255698915,3
1195,Moderate,2.751145788,2
1196,Moderate,0.897634159,4
1197,Very Low,3.117354435,1
1198,Moderate,1.287595131,4
1199,Very Low,0.571053098,4
1200,Very Low,0.581355799,4
1201,Moderate,1.643462404,4
1202,Low,1.234844041,4
1203,Moderate,2.96809362,2
1204,Very Low,2.00929848,3
1205,Low,1.146086034,4
1206,Very Low,2.192363198,3
1207,High,0.945730873,4
1208,Moderate,0.567250028,4
1209,Moderate,0.970764347,4
1210,Low,1.656060126,4
1211,Very Low,2.839313249,2
1212,High,0.18981806,4
1213,Low,3.258294685,1
1214,Low,1.920055853,4
1215,Moderate,2.021771494,3
1216,Very Low,0.125933075,4
1217,High,1.287013412,4
1218,Moderate,2.591426703,2
1219,Low,1.463379649,4
1220,Very Low,1.465549386,4
1221,Very Low,1.710466838,4
1222,High,2.288505685,3
1223,Moderate,1.960968849,4
1224,Very Low,2.621623326,2
1225,Very Low,0.768316386,4
1226,Moderate,1.806406345,4
1227,Moderate,0.881866353,4
1228,Low,0.817068221,4
1229,Low,1.446132528,4
1230,Very Low,3.339094362,1
1231,Moderate,0.819625478,4
1232,High,0.676817973,4
1233,Very Low,1.389544874,4
1234,Moderate,1.991508414,4
1235,Low,1.63986755,4
1236,Low,2.511743021,2
1237,Low,2.98391995,2
1238,High,1.258654854,4
1239,Low,1.417929927,4
1240,Moderate,1.597016572,4
1241,Low,3.088699868,1
1242,Very Low,1.641341443,4
1243,Very Low,2.586870656,2
1244,Moderate,2.389032645,3
1245,Very Low,1.8981464,4
1246,Moderate,2.110487975,3
1247,Low,1.700273589,4
1248,Low,1.044499995,4
1249,Low,1.194166134,4
1250,Low,2.649136828,2
1251,Very Low,1.234141389,4
1252,Low,2.127408866,3
1253,Moderate,2.913887649,2
1254,Moderate,3.119393913,1
1255,Low,1.036378738,4
1256,Low,2.403284547,3
1257,Very Low,3.156508064,1
1258,Very Low,2.723471859,2
1259,Very Low,1.530951146,4
1260,High,3.468581349,1
1261,Very Low,2.302032044,3
1262,Very Low,1.265677909,4
1263,Low,1.479602228,4
1264,Very Low,1.445076719,4
1265,Moderate,0.80943381,4
1266,Very Low,2.15023327,3
1267,Very Low,0.559143716,4
1268,Moderate,0.580788485,4
1269,Low,1.602089196,4
1270,Moderate,1.002798364,4
1271,Moderate,1.663063453,4
1272,Low,1.53154646,4
1273,Moderate,2.205842147,3
1274,Very Low,1.155338561,4
1275,Moderate,2.15375834,3
1276,Low,2.592786686,2
1277,Low,0.912330507,4
1278,Moderate,0.695630933,4
1279,High,2.139619891,3
1280,High,1.550449331,4
1281,Moderate,1.5475367,4
1282,Low,2.966548034,2
1283,Very Low,1.633679371,4
1284,Low,2.33254032,3
1285,Low,3.270262309,1
1286,Low,0.346470593,4
1287,High,1.894904336,4
1288,Low,1.456742601,4
1289,Low,2.553723151,2
1290,Low,2.224197461,3
1291,High,1.847600418,4
1292,Moderate,1.849760707,4
1293,Moderate,3.268794216,1
1294,Low,2.546516637,2
1295,High,3.101229221,1
1296,Very Low,0.655954078,4
1297,High,3.088512306,1
1298,Moderate,1.992559805,4
1299,Low,2.605247446,2
1300,Low,1.733972454,4
1301,Moderate,1.113848788,4
1302,Very Low,1.649250252,4
1303,High,1.33755498,4
1304,Low,1.984659919,4
1305,Low,3.060881656,1
1306,Very Low,2.392897358,3
1307,Low,2.08379699,3
1308,Low,3.645738049,0
1309,Low,0.322286082,4
1310,Moderate,1.129514334,4
1311,Low,0.630756944,4
1312,High,3.157229639,1
1313,Moderate,0.680087787,4
1314,High,0.796359848,4
1315,Very Low,2.844039215,2
1316,Low,1.253451854,4
1317,Low,0.534508881,4
1318,Moderate,3.191046118,1
1319,High,2.815421275,2
1320,Very Low,2.157122303,3
1321,Very Low,2.72382806,2
1322,High,2.627693906,2
1323,Very Low,0.912415621,4
1324,Moderate,2.609623082,2
1325,Moderate,2.981992255,2
1326,High,1.625082774,4
1327,Very Low,1.361698418,4
1328,Very Low,1.916961896,4
1329,Moderate,1.011253195,4
1330,High,2.332159041,3
1331,Low,3.387938348,1
1332,Low,2.384690791,3
1333,Moderate,2.780816996,2
1334,High,0.534835754,4
1335,High,2.542214349,2
1336,High,3.007129067,1
1337,Very Low,2.985809814,2
1338,Very Low,1.949306057,4
1339,Moderate,2.147845196,3
1340,High,1.175768025,4
1341,Low,1.400363254,4
1342,Very Low,1.755544023,4
1343,High,2.900096239,2
1344,Very Low,1.033459491,4
1345,Low,1.907742363,4
1346,Moderate,1.88090929,4
1347,Moderate,2.614950354,2
1348,Moderate,3.107135594,1
1349,Low,1.386464562,4
1350,Moderate,2.833760072,2
1351,Moderate,1.086151397,4
1352,Moderate,2.87403736,2
1353,Moderate,2.895671305,2
1354,Low,3.181307602,1
1355,Very Low,0.471283109,4
1356,Very Low,2.211379528,3
1357,Very Low,3.375252255,1
1358,Moderate,3.203858191,1
1359,High,3.350179111,1
1360,Moderate,1.72579153,4
1361,High,2.216603815,3
1362,Low,2.004627317,3
1363,Low,0.715742046,4
1364,Low,3.880640085,0
1365,Very Low,1.689528158,4
1366,Very Low,1.757978804,4
1367,Moderate,2.136399546,3
1368,High,0.911568271,4
1369,Very Low,1.13780111,4
1370,Very Low,2.349264927,3
1371,High,0.623747437,4
1372,Low,0.341029446,4
1373,High,2.223813667,3
1374,Moderate,2.328240385,3
1375,High,1.623077822,4
1376,Low,2.200896322,3
1377,Moderate,2.584110655,2
1378,Low,2.996503304,2
1379,Moderate,2.373993481,3
1380,Low,2.830404456,2
1381,Very Low,2.525115534,2
1382,Moderate,1.042981651,4
1383,Moderate,2.661096904,2
1384,High,1.599593888,4
1385,Moderate,1.799409149,4
1386,Moderate,2.657638557,2
1387,Very Low,2.998484062,2
1388,Moderate,2.977408433,2
1389,Moderate,1.375164137,4
1390,High,1.84886644,4
1391,High,2.4424562,3
1392,Very Low,2.856038514,2
1393,High,1.20615023,4
1394,Very Low,0.89590299,4
1395,Low,0.273190929,4
1396,Moderate,0.667508961,4
1397,Very Low,1.089440604,4
1398,Moderate,2.813211008,2
1399,Very Low,1.86875859,4
1400,Very Low,3.035693596,1
1401,Moderate,2.135356801,3
1402,Moderate,3.038116129,1
1403,High,0.99412941,4
1404,Moderate,1.232557166,4
1405,Moderate,0.864403743,4
1406,Low,0.115231855,4
1407,Very Low,2.934586305,2
1408,Very Low,2.046938817,3
1409,Moderate,3.065473134,1
1410,Moderate,2.4370263,3
1411,Low,2.427614636,3
1412,Moderate,0.777150955,4
1413,Moderate,1.879575445,4
1414,Very Low,1.596574874,4
1415,Very Low,0.704595243,4
1416,High,0.764186697,4
1417,Moderate,1.503416679,4
1418,High,1.525837862,4
1419,Very Low,2.270841108,3
1420,High,3.402352539,1
1421,Very Low,1.438204968,4
1422,Very Low,0.336571299,4
1423,High,3.112281137,1
1424,Low,3.770694722,0
1425,Moderate,1.655613323,4
1426,Very Low,1.050469692,4
1427,Moderate,2.535391284,2
1428,High,1.396090494,4
1429,Low,2.025416982,3
1430,Moderate,3.268302548,1
1431,Very Low,2.017218039,3
1432,Moderate,2.397682579,3
1433,Low,0.287867323,4
1434,Very Low,1.548710211,4
1435,Low,2.905242112,2
1436,Very Low,0.248977131,4
1437,High,3.418409867,1
1438,Low,0.582920886,4
1439,Very Low,0.930028646,4
1440,Low,2.679085718,2
1441,Low,3.106230425,1
1442,Moderate,2.781287884,2
1443,High,4,0
1444,Low,2.332783964,3
1445,High,3.06771837,1
1446,Moderate,0.869123386,4
1447,Very Low,1.520503877,4
1448,Moderate,3.289823142,1
1449,Moderate,2.175739293,3
1450,Moderate,1.852428691,4
1451,High,1.47728877,4
1452,Low,2.878926863,2
1453,High,1.058050772,4
1454,High,2.57289042,2
1455,Low,3.587735587,0
1456,Moderate,1.301418014,4
1457,Low,3.209493136,1
1458,High,2.537230639,2
1459,Moderate,1.989395759,4
1460,Very Low,3.004233303,1
1461,Low,1.513516756,4
1462,Moderate,2.172740552,3
1463,Very Low,0.641649169,4
1464,Very Low,2.753590232,2
1465,Low,1.038488352,4
1466,Low,2.255019103,3
1467,Low,1.666702258,4
1468,Low,2.49945943,3
1469,Very Low,0.278215459,4
1470,Moderate,2.637594228,2
1471,Moderate,3.057121728,1
1472,Very Low,1.361932827,4
1473,Low,3.238931718,1
1474,Moderate,2.573034385,2
1475,Very Low,0,4
1476,Very Low,3.143909878,1
1477,Very Low,1.0464634,4
1478,High,2.868574228,2
1479,High,2.639447292,2
1480,High,2.669749933,2
1481,Moderate,2.794885283,2
1482,Moderate,1.186569729,4
1483,Low,2.520175259,2
1484,Moderate,1.601078488,4
1485,Very Low,0,4
1486,Moderate,1.595054759,4
1487,High,2.222002853,3
1488,Moderate,1.615093148,4
1489,Low,1.675919431,4
1490,Low,0.214319504,4
1491,Moderate,1.556765557,4
1492,Moderate,2.154199353,3
1493,High,2.070669312,3
1494,Low,0.567237107,4
1495,High,2.162688108,3
1496,Moderate,1.291230426,4
1497,High,2.340156389,3
1498,Moderate,2.92396974,2
1499,Moderate,2.190146602,3
1500,Moderate,3.074214192,1
1501,Moderate,1.009430322,4
1502,High,2.118500602,3
1503,Very Low,2.615347948,2
1504,Very Low,0.415930507,4
1505,High,3.947092964,0
1506,Moderate,3.017353227,1
1507,Moderate,2.813786291,2
1508,Low,0.769636121,4
1509,Very Low,0.892266135,4
1510,High,3.666290827,0
1511,Moderate,1.401548239,4
1512,Low,1.423338336,4
1513,Low,3.149644744,1
1514,High,2.353731152,3
1515,Very Low,1.161354351,4
1516,High,2.647195986,2
1517,Low,1.298997985,4
1518,Moderate,2.644197368,2
1519,High,1.737989619,4
1520,Moderate,2.018776899,3
1521,Low,0.717780498,4
1522,Moderate,2.267584401,3
1523,Low,1.271494623,4
1524,Low,2.621666893,2
1525,High,1.228528505,4
1526,High,2.495312361,3
1527,Moderate,0.701761808,4
1528,Low,3.864976861,0
1529,Very Low,0.684651926,4
1530,Very Low,1.885850224,4
1531,Moderate,2.327832763,3
1532,High,0.880232812,4
1533,Moderate,1.411981507,4
1534,High,1.66253183,4
1535,Very Low,1.341598477,4
1536,Low,0.659202916,4
1537,Very Low,2.153371206,3
1538,Low,2.44310292,3
1539,Very Low,0.270088555,4
1540,High,1.316724623,4
1541,Very Low,0.817714202,4
1542,High,2.05694597,3
1543,Low,3.219333348,1
1544,High,2.24087006,3
1545,Moderate,1.913799797,4
1546,High,2.240334376,3
1547,Very Low,2.254547586,3
1548,Moderate,1.89130043,4
1549,High,2.206226341,3
1550,Very Low,3.335098155,1
1551,Very Low,2.411986461,3
1552,Low,2.160978519,3
1553,High,1.165394363,4
1554,Moderate,2.583500636,2
1555,Moderate,3.017063256,1
1556,Very Low,2.576174697,2
1557,Very Low,0.23334988,4
1558,High,3.646516389,0
1559,Very Low,2.605425232,2
1560,Moderate,3.366929515,1
1561,High,1.583780258,4
1562,Very Low,0.776396706,4
1563,Moderate,0.78348664,4
1564,Very Low,2.328311711,3
1565,Moderate,2.718465436,2
1566,Very Low,3.244882203,1
1567,Moderate,2.865674749,2
1568,Low,2.326326756,3
1569,Low,3.303066679,1
1570,Moderate,2.489218238,3
1571,Very Low,2.600264187,2
1572,Moderate,2.119171492,3
1573,Low,2.522694548,2
1574,Moderate,2.47585411,3
1575,Very Low,0.782809234,4
1576,Moderate,0.766404869,4
1577,Very Low,1.283622078,4
1578,Low,0.643145933,4
1579,Very Low,1.669230217,4
1580,Moderate,3.282070051,1
1581,Low,0.743714017,4
1582,High,3.325066843,1
1583,High,1.184519764,4
1584,Very Low,1.616536099,4
1585,Moderate,1.583083971,4
1586,Very Low,0.184251489,4
1587,Low,0.472181042,4
1588,Moderate,1.299355518,4
1589,Moderate,2.379628283,3
1590,Moderate,3.56628313,0
1591,Low,0.278347571,4
1592,Low,2.421546883,3
1593,Very Low,0.617680424,4
1594,Moderate,1.804726658,4
1595,Moderate,2.63520813,2
1596,Moderate,3.436025389,1
1597,Very Low,2.737377926,2
1598,Low,1.14669608,4
1599,Low,2.405267526,3
1600,Very Low,1.525282049,4
1601,Low,2.446157081,3
1602,High,1.952953012,4
1603,High,2.293087191,3
1604,Moderate,1.471672029,4
1605,Low,1.106713498,4
1606,Very Low,1.205856976,4
1607,High,2.559070355,2
1608,Very Low,2.457651022,3
1609,High,1.226741286,4
1610,Low,1.590433098,4
1611,Low,0.310669533,4
1612,High,2.771810659,2
1613,Very Low,1.582682992,4
1614,Moderate,1.105587098,4
1615,Moderate,2.300296135,3
1616,Very Low,0.991883698,4
1617,Low,0.165110622,4
1618,Moderate,0.989329921,4
1619,Moderate,2.230253521,3
1620,Very Low,1.383528078,4
1621,High,2.131405263,3
1622,Very Low,1.868276923,4
1623,Very Low,1.247481944,4
1624,Low,0.299907548,4
1625,Very Low,2.705195695,2
1626,Very Low,0.897938092,4
1627,High,1.391731791,4
1628,Low,2.150546166,3
1629,Very Low,1.448741242,4
1630,Very Low,0,4
1631,Moderate,3.091715028,1
1632,High,2.576927695,2
1633,Low,1.955872527,4
1634,Very Low,1.878708344,4
1635,Very Low,1.630400132,4
1636,Very Low,2.37274811,3
1637,Very Low,1.279370611,4
1638,Low,0.155004788,4
1639,Very Low,1.278347034,4
1640,Moderate,2.655993566,2
1641,Low,2.682316053,2
1642,High,1.644819939,4
1643,High,1.396278438,4
1644,Moderate,1.609486799,4
1645,Low,1.187367525,4
1646,Low,2.019797023,3
1647,Low,0.241625628,4
1648,Moderate,1.247725194,4
1649,Low,0.852682363,4
1650,High,0.965700989,4
1651,High,2.423800752,3
1652,Low,1.741968167,4
1653,Moderate,2.845925776,2
1654,Very Low,2.039564398,3
1655,Very Low,1.54206374,4
1656,Low,0.730779602,4
1657,Very Low,0.499987778,4
1658,High,1.122889381,4
1659,Very Low,2.959492728,2
1660,Low,2.30020524,3
1661,Moderate,1.352720764,4
1662,Moderate,2.134062038,3
1663,Low,1.29979432,4
1664,High,0.747833944,4
1665,Moderate,0.532923204,4
1666,Low,2.07376979,3
1667,Very Low,1.991379364,4
1668,Low,1.8999596,4
1669,High,2.614883942,2
1670,Moderate,1.810270744,4
1671,High,1.581931481,4
1672,Low,2.271332803,3
1673,Very Low,3.363670491,1
1674,Very Low,0.48129848,4
1675,Low,0.199927379,4
1676,Moderate,1.268008751,4
1677,High,0.882552454,4
1678,Low,3.120136639,1
1679,Low,1.804154692,4
1680,Low,0.681703644,4
1681,Low,2.898261817,2
1682,Very Low,1.730318003,4
1683,Very Low,3.560791672,0
1684,Very Low,2.528774574,2
1685,Very Low,1.592387858,4
1686,Very Low,2.374130972,3
1687,Very Low,1.81040948,4
1688,Moderate,2.829826431,2
1689,Low,3.047602089,1
1690,High,3.62592173,0
1691,Very Low,0.927321545,4
1692,Low,1.331958949,4
1693,Low,0.779551722,4
1694,Very Low,0.881358447,4
1695,High,2.398121086,3
1696,Very Low,0.758814269,4
1697,High,1.028865596,4
1698,High,1.444476695,4
1699,Moderate,2.214067459,3
1700,Moderate,2.511918088,2
1701,Moderate,2.690149803,2
1702,Low,1.605274386,4
1703,Moderate,2.709889487,2
1704,Very Low,1.528563501,4
1705,Very Low,1.778569202,4
1706,Low,2.121964059,3
1707,Moderate,0.405904831,4
1708,High,1.123926328,4
1709,Very Low,0.870330411,4
1710,High,1.822829208,4
1711,Very Low,2.231182932,3
1712,Low,0.966967717,4
1713,Low,1.691858946,4
1714,Low,2.069758206,3
1715,Very Low,1.057876127,4
1716,Moderate,1.321427207,4
1717,High,3.516940721,0
1718,Low,1.049157002,4
1719,Low,3.486141329,1
1720,High,0.586837405,4
1721,Moderate,2.358815897,3
1722,Low,3.152222286,1
1723,Low,0.587835083,4
1724,High,2.668893329,2
1725,Moderate,0.304372034,4
1726,Very Low,0.280670308,4
1727,Low,0.873091197,4
1728,High,2.330783483,3
1729,Very Low,0.318850909,4
1730,High,1.792289321,4
1731,Very Low,2.573219137,2
1732,High,1.084490126,4
1733,Low,1.08669668,4
1734,Low,1.004112663,4
1735,High,2.824604893,2
1736,Low,1.364373782,4
1737,Moderate,2.607286401,2
1738,Very Low,0.568468084,4
1739,Very Low,0.573796193,4
1740,Very Low,2.258071035,3
1741,Moderate,2.840092975,2
1742,Very Low,1.683117263,4
1743,Very Low,1.72090715,4
1744,Low,1.537783909,4
1745,Moderate,2.063463508,3
1746,Moderate,1.87854751,4
1747,Very Low,0.863270859,4
1748,Very Low,2.513286133,2
1749,High,2.77216327,2
1750,Low,2.888385936,2
1751,High,1.337161049,4
1752,High,2.370611615,3
1753,High,0.854464648,4
1754,Very Low,0.322641827,4
1755,High,1.834226997,4
1756,High,1.990060452,4
1757,Moderate,2.226983394,3
1758,Low,2.608386898,2
1759,Low,3.406339082,1
1760,Very Low,0.867034374,4
1761,Moderate,2.166091325,3
1762,Moderate,2.422928333,3
1763,Low,1.509557878,4
1764,Low,2.443857264,3
1765,Low,2.003828379,3
1766,Moderate,2.465306489,3
1767,High,0.844792002,4
1768,Very Low,2.731058898,2
1769,Low,1.736011489,4
1770,Very Low,2.589670731,2
1771,Moderate,2.742361123,2
1772,Moderate,2.49591944,3
1773,High,2.853437194,2
1774,Low,1.591347992,4
1775,High,3.209673328,1
1776,Very Low,3.127617865,1
1777,Moderate,3.453275897,1
1778,Very Low,0.822773567,4
1779,High,1.217335228,4
1780,Moderate,0.762684311,4
1781,Moderate,2.145848671,3
1782,High,3.299131002,1
1783,Very Low,1.170812285,4
1784,Very Low,1.424595653,4
1785,High,2.902659367,2
1786,Low,0.691477419,4
1787,Very Low,1.8865425,4
1788,Low,2.635341351,2
1789,Moderate,1.500339419,4
1790,Very Low,1.235553816,4
1791,Low,0.604613406,4
1792,Very Low,1.388138976,4
1793,Low,3.300552206,1
1794,High,2.168641593,3
1795,High,2.79726748,2
1796,Moderate,1.717458615,4
1797,Very Low,1.687900492,4
1798,High,2.952145863,2
1799,Moderate,0.963375009,4
1800,Very Low,3.334971828,1
1801,High,0.443640655,4
1802,High,1.955791739,4
1803,Moderate,2.850351339,2
1804,Moderate,2.370067422,3
1805,Very Low,0.152590779,4
1806,Very Low,2.123043127,3
1807,Moderate,0.922013232,4
1808,Very Low,1.428993238,4
1809,Low,1.893440916,4
1810,High,1.939584666,4
1811,High,1.511276997,4
1812,Low,0.825604174,4
1813,High,1.764354309,4
1814,High,1.2955949,4
1815,Moderate,2.473717178,3
1816,Very Low,0.019798485,4
1817,Low,2.202958506,3
1818,Low,3.040025436,1
1819,Very Low,1.069079987,4
1820,Low,3.941760022,0
1821,Very Low,1.482595973,4
1822,Low,3.042275369,1
1823,High,2.10396651,3
1824,Very Low,1.787522329,4
1825,Moderate,1.100381883,4
1826,Moderate,0.854558289,4
1827,Very Low,1.199651388,4
1828,High,2.591940919,2
1829,Moderate,2.282212745,3
1830,Low,2.754877493,2
1831,High,1.921268647,4
1832,Low,1.583556496,4
1833,Moderate,1.723385686,4
1834,Very Low,2.876055005,2
1835,High,1.88899193,4
1836,Low,1.369369967,4
1837,Moderate,2.550546234,2
1838,Very Low,1.943573341,4
1839,Moderate,3.310401269,1
1840,High,1.418938675,4
1841,Low,2.353054655,3
1842,Moderate,1.752886206,4
1843,Low,0.513962989,4
1844,High,3.021954868,1
1845,Low,1.834749448,4
1846,High,2.275700147,3
1847,High,1.767646785,4
1848,Low,1.353723074,4
1849,Very Low,1.034201169,4
1850,Low,2.758341831,2
1851,High,1.789966874,4
1852,Very Low,1.223973607,4
1853,Moderate,2.443619105,3
1854,High,0.362957003,4
1855,Low,2.251753922,3
1856,Moderate,0.900041692,4
1857,Very Low,0.656616923,4
1858,Very Low,2.186426951,3
1859,High,2.883136266,2
1860,Very Low,2.877853698,2
1861,Low,0.01206349,4
1862,High,2.583738163,2
1863,Low,1.161554531,4
1864,High,3.301690513,1
1865,High,1.505172773,4
1866,Low,1.385696221,4
1867,Very Low,2.240923949,3
1868,Moderate,2.116723382,3
1869,Low,1.036656834,4
1870,Very Low,1.617460207,4
1871,Moderate,0.865945542,4
1872,Very Low,1.320245987,4
1873,High,1.259764683,4
1874,Very Low,0.081573184,4
1875,Very Low,1.689673085,4
1876,Very Low,0.46042165,4
1877,High,3.577043897,0
1878,Moderate,2.087872127,3
1879,High,3.369584362,1
1880,Low,0,4
1881,Low,0.094651592,4
1882,Very Low,1.405315628,4
1883,Low,1.87826418,4
1884,Moderate,2.87190477,2
1885,Moderate,3.70794804,0
1886,Low,1.174868091,4
1887,High,0.995449642,4
1888,Very Low,2.528711257,2
1889,High,2.59683449,2
1890,Very Low,2.460606774,3
1891,Low,0.547780724,4
1892,Low,1.803054427,4
1893,Low,2.309975848,3
1894,Moderate,3.093363943,1
1895,Low,2.615900724,2
1896,Low,2.276918318,3
1897,Moderate,1.051531526,4
1898,Moderate,2.747706159,2
1899,High,2.621670104,2
1900,Very Low,0.243298094,4
1901,Moderate,2.194706521,3
1902,Moderate,2.639906488,2
1903,Low,0.833493418,4
1904,Low,3.402401591,1
1905,Low,2.616291695,2
1906,Very Low,0.339715385,4
1907,Very Low,1.69772878,4
1908,Very Low,2.356856807,3
1909,Moderate,0.84562484,4
1910,Moderate,2.246545273,3
1911,High,2.478699183,3
1912,Moderate,1.374288283,4
1913,Very Low,1.355381045,4
1914,High,3.06049075,1
1915,High,1.556957122,4
1916,Low,3.219531248,1
1917,Moderate,1.150153548,4
1918,High,1.321429302,4
1919,Moderate,3.491326588,1
1920,High,3.869586724,0
1921,Very Low,0.170463613,4
1922,Very Low,2.19738729,3
1923,Low,0.021155583,4
1924,Moderate,2.386799507,3
1925,High,1.361031288,4
1926,High,3.51068089,0
1927,Low,1.43737075,4
1928,Very Low,1.804417459,4
1929,High,3.262269864,1
1930,Moderate,1.169658238,4
1931,Very Low,1.401550934,4
1932,Low,0.549601825,4
1933,Moderate,1.516508268,4
1934,High,2.032219512,3
1935,Low,2.289299775,3
1936,Low,2.086687741,3
1937,High,1.66766699,4
1938,Moderate,2.595889051,2
1939,Low,1.950769177,4
1940,Low,2.102541899,3
1941,Moderate,1.3791672,4
1942,Very Low,0.67219968,4
1943,Very Low,1.141638567,4
1944,Moderate,1.621012115,4
1945,Low,1.122110973,4
1946,Moderate,3.402044108,1
1947,Very Low,2.683854739,2
1948,Moderate,2.996856279,2
1949,Low,1.284865711,4
1950,Very Low,1.201053303,4
1951,Very Low,1.978021718,4
1952,High,3.83669864,0
1953,High,1.179903407,4
1954,Very Low,1.54005946,4
1955,High,3.158858262,1
1956,Moderate,1.752496836,4
1957,High,3.045113482,1
1958,Low,1.165603946,4
1959,Moderate,1.785760791,4
1960,Very Low,0.841108717,4
1961,Low,2.397182558,3
1962,High,3.576909015,0
1963,Moderate,3.225158275,1
1964,Low,0,4
1965,Very Low,2.806697764,2
1966,Moderate,3.42183767,1
1967,Moderate,2.105309279,3
1968,Low,3.160902091,1
1969,High,2.99354156,2
1970,Very Low,2.490220426,3
1971,Low,2.13083278,3
1972,High,0.838464873,4
1973,Low,0.676771033,4
1974,Low,1.735956512,4
1975,Moderate,1.254572618,4
1976,High,1.922688235,4
1977,Very Low,2.19199842,3
1978,High,1.757523486,4
1979,High,1.92410232,4
1980,Very Low,2.80797413,2
1981,Moderate,2.138772677,3
1982,Low,1.363841047,4
1983,Low,1.722726052,4
1984,High,1.192108472,4
1985,High,1.53478239,4
1986,Very Low,0.115243211,4
1987,Low,1.562359564,4
1988,Low,2.096032625,3
1989,Low,3.009238323,1
1990,Low,2.071108065,3
1991,Very Low,1.747356452,4
1992,Moderate,1.079867369,4
1993,Low,2.271400211,3
1994,Very Low,2.117233031,3
1995,High,0.743592358,4
1996,High,1.892745845,4
1997,Low,1.586464189,4
1998,Low,3.512322895,0
1999,Moderate,2.629211521,2
2000,Low,1.8366428,4
2001,Very Low,1.83435914,4
2002,Moderate,1.766055977,4
2003,Very Low,3.201710217,1
2004,Very Low,1.263890772,4
2005,Very Low,1.427724376,4
2006,Very Low,1.070707952,4
2007,Very Low,0.832717506,4
2008,High,3.130222795,1
2009,Low,2.537098951,2
2010,Very Low,1.671076182,4
2011,Very Low,0.81655066,4
2012,High,1.131402736,4
2013,Moderate,0.333154228,4
2014,Low,1.48906302,4
2015,High,1.683330032,4
2016,Low,1.921942134,4
2017,Low,1.940006922,4
2018,Very Low,1.065848673,4
2019,Low,0.968986131,4
2020,Low,2.68614499,2
2021,Moderate,3.520612392,0
2022,Low,2.815973296,2
2023,Moderate,3.487510668,1
2024,Very Low,3.592128978,0
2025,Very Low,1.578441665,4
2026,Low,1.886008174,4
2027,High,2.366010872,3
2028,Low,2.434934379,3
2029,Moderate,0.393186471,4
2030,Low,0.713267665,4
2031,Very Low,2.57444997,2
2032,Very Low,0.700539867,4
2033,Low,1.586289237,4
2034,Very Low,2.058575293,3
2035,Very Low,3.129640051,1
2036,High,3.539198712,0
2037,Very Low,2.059966656,3
2038,Moderate,1.756035495,4
2039,Low,2.622601052,2
2040,Moderate,0.262861167,4
2041,Moderate,1.704415089,4
2042,Low,2.104449931,3
2043,Low,0.83751232,4
2044,Moderate,0.556828033,4
2045,High,3.350130974,1
2046,Very Low,3.279646224,1
2047,Very Low,1.556328957,4
2048,High,2.846378753,2
2049,Low,1.137899801,4
2050,Moderate,1.391787779,4
2051,Low,2.182795221,3
2052,Very Low,2.253871179,3
2053,Moderate,2.254020037,3
2054,Moderate,0.392549011,4
2055,Very Low,1.484857697,4
2056,Low,2.672093364,2
2057,High,1.831511281,4
2058,Moderate,0.758182974,4
2059,Very Low,2.938175467,2
2060,Moderate,3.054924125,1
2061,Moderate,0.9175822,4
2062,High,3.460884653,1
2063,Moderate,1.841907749,4
2064,Very Low,1.185985514,4
2065,Moderate,2.422230686,3
2066,Moderate,0.912660673,4
2067,Very Low,3.073304473,1
2068,Low,2.167282956,3
2069,Low,2.553864498,2
2070,Moderate,2.448602519,3
2071,Very Low,3.463239305,1
2072,Moderate,1.442868859,4
2073,High,0.913127809,4
2074,High,0.923753225,4
2075,High,1.843597083,4
2076,High,2.096645441,3
2077,Very Low,0.875367124,4
2078,Moderate,1.449000321,4
2079,Low,3.081193555,1
2080,High,1.118752405,4
2081,Low,2.0622007,3
2082,High,1.562911635,4
2083,Moderate,2.492838108,3
2084,High,1.100172041,4
2085,Very Low,2.693598516,2
2086,Very Low,1.684842207,4
2087,High,2.423585367,3
2088,Very Low,0.405052613,4
2089,High,0.651340702,4
2090,Very Low,1.79485975,4
2091,Moderate,0.963631931,4
2092,Low,1.930782797,4
2093,Moderate,0.994334751,4
2094,Moderate,1.354327034,4
2095,Low,0.703573144,4
2096,Very Low,1.523945155,4
2097,Very Low,3.358694269,1
2098,Moderate,1.765695173,4
2099,Moderate,1.787402596,4
2100,Moderate,3.154023246,1
2101,Moderate,2.005144713,3
2102,Low,1.72075965,4
2103,Low,3.127056224,1
2104,Very Low,1.441918756,4
2105,Low,1.620921239,4
2106,High,2.19621735,3
2107,High,3.103075343,1
2108,Low,0.473623396,4
2109,Moderate,1.043865867,4
2110,High,2.385530671,3
2111,Low,0.270110314,4
2112,Very Low,0.438981741,4
2113,Very Low,1.558059855,4
2114,Moderate,3.680961344,0
2115,High,2.11058376,3
2116,Moderate,3.291540841,1
2117,Very Low,0.427763354,4
2118,Very Low,2.846487469,2
2119,High,1.772355433,4
2120,High,0.797517669,4
2121,Moderate,3.520931453,0
2122,Moderate,1.591365738,4
2123,Very Low,1.864073652,4
2124,High,2.411840622,3
2125,High,2.137692088,3
2126,Low,1.07333339,4
2127,Moderate,0.312479581,4
2128,Very Low,0.502226121,4
2129,Very Low,1.490308897,4
2130,Very Low,0.876544106,4
2131,Very Low,2.051919032,3
2132,Low,3.294332437,1
2133,Low,2.607839353,2
2134,Moderate,2.207001981,3
2135,Low,1.629355896,4
2136,Low,0.493741135,4
2137,Very Low,3.204313181,1
2138,Moderate,2.068111785,3
2139,Low,2.281345006,3
2140,Low,2.482172408,3
2141,High,2.622179002,2
2142,Moderate,3.350591979,1
2143,High,0.841175754,4
2144,Low,2.371982915,3
2145,Very Low,1.922591349,4
2146,Moderate,1.007517308,4
2147,Very Low,1.55387334,4
2148,Low,1.247692796,4
2149,Very Low,2.460743527,3
2150,High,0.963340431,4
2151,Very Low,2.083697986,3
2152,High,2.942198842,2
2153,High,3.179450768,1
2154,Low,2.627337296,2
2155,Moderate,3.109493579,1
2156,Moderate,1.422917512,4
2157,High,2.058204484,3
2158,Low,2.917010983,2
2159,High,3.184442107,1
2160,Low,2.605375369,2
2161,High,2.346025741,3
2162,Low,2.239463986,3
2163,Low,1.751163358,4
2164,High,2.952721567,2
2165,High,3.072136606,1
2166,Moderate,2.809311539,2
2167,Very Low,2.644059861,2
2168,Low,1.397429095,4
2169,High,2.440060526,3
2170,High,2.626819238,2
2171,High,1.468428885,4
2172,Very Low,2.380666917,3
2173,Low,2.303453349,3
2174,Moderate,1.596128103,4
2175,High,1.685389146,4
2176,Very Low,1.89700035,4
2177,High,3.496776545,1
2178,Moderate,3.361230858,1
2179,Very Low,0.82170167,4
2180,Low,2.640476136,2
2181,Low,0.897216927,4
2182,Moderate,1.674676218,4
2183,Very Low,0.906353743,4
2184,Very Low,2.419028937,3
2185,High,2.131447069,3
2186,Very Low,1.030802659,4
2187,Very Low,1.50951986,4
2188,Low,1.789239837,4
2189,Moderate,0.596417017,4
2190,High,1.414555678,4
2191,Low,1.242176324,4
2192,High,1.934783812,4
2193,Moderate,2.315769875,3
2194,Very Low,1.81861256,4
2195,Very Low,2.36312146,3
2196,Low,2.791339403,2
2197,Low,2.954534084,2
2198,Moderate,1.812887043,4
2199,Moderate,1.141456556,4
2200,Low,2.29536228,3
2201,Very Low,1.677100802,4
2202,Very Low,2.752163931,2
2203,Moderate,1.201444582,4
2204,Low,2.901185607,2
2205,Moderate,2.676827394,2
2206,Very Low,2.297639913,3
2207,Moderate,1.451441021,4
2208,High,2.981786874,2
2209,Low,1.415221491,4
2210,Low,0.928539344,4
2211,High,0.984031783,4
2212,Low,1.382935705,4
2213,Moderate,1.863899822,4
2214,Very Low,1.228428847,4
2215,Moderate,2.137393265,3
2216,Very Low,2.434532444,3
2217,High,2.256488312,3
2218,Moderate,2.689155112,2
2219,High,3.131235885,1
2220,Moderate,3.770283973,0
2221,Moderate,0.799591198,4
2222,Low,2.964668231,2
2223,High,0.702760319,4
2224,High,1.193617771,4
2225,Low,0.299951906,4
2226,High,3.299578873,1
2227,Moderate,0.212367095,4
2228,Moderate,3.526125038,0
2229,Low,1.611737954,4
2230,Very Low,3.343050864,1
2231,Very Low,0.026468661,4
2232,Very Low,1.63640311,4
2233,Moderate,1.709701378,4
2234,Low,1.485111828,4
2235,Low,2.999409147,2
2236,High,3.51541583,0
2237,Low,2.918139128,2
2238,Low,1.362233599,4
2239,Very Low,0.20506796,4
2240,Very Low,2.233239466,3
2241,High,3.159302938,1
2242,Moderate,1.994611703,4
2243,High,0.999088544,4
2244,Very Low,0.521955726,4
2245,Moderate,3.463687549,1
2246,Low,1.987964727,4
2247,Very Low,1.681904804,4
2248,Very Low,0.112635059,4
2249,Very Low,1.907983914,4
2250,Low,1.197933331,4
2251,Very Low,3.215272685,1
2252,High,2.190269259,3
2253,Low,1.150966131,4
2254,Very Low,0.690151345,4
2255,Very Low,1.519955292,4
2256,Moderate,3.16898861,1
2257,Very Low,1.808164559,4
2258,High,1.11587873,4
2259,High,2.00330798,3
2260,Very Low,0.889714915,4
2261,Low,3.984673603,0
2262,Very Low,2.325434065,3
2263,Moderate,0.613316332,4
2264,Low,2.712229743,2
2265,Low,2.096616211,3
2266,Very Low,1.18306385,4
2267,Moderate,0.560174606,4
2268,Low,1.167425413,4
2269,Very Low,0.923181562,4
2270,Moderate,3.841286249,0
2271,Moderate,1.212880751,4
2272,High,0.96214922,4
2273,Very Low,2.502009134,2
2274,High,2.456223794,3
2275,Moderate,2.646556961,2
2276,Very Low,0.381768495,4
2277,Moderate,2.396139095,3
2278,Low,2.595648863,2
2279,High,4,0
2280,Very Low,1.419522635,4
2281,Moderate,3.432684708,1
2282,Low,0.129306752,4
2283,High,2.928948238,2
2284,Low,0.947133463,4
2285,High,2.999544104,2
2286,High,3.055386295,1
2287,Low,0,4
2288,High,2.745858798,2
2289,High,3.214628426,1
2290,Low,3.415413324,1
2291,Low,1.469389272,4
2292,Moderate,1.552112938,4
2293,Low,3.548459826,0
2294,Very Low,0.192625112,4
2295,Very Low,1.34899742,4
2296,Low,2.143105069,3
2297,Low,2.471386533,3
2298,Very Low,3.205425334,1
2299,High,0.454114438,4
2300,Moderate,2.809833207,2
2301,Very Low,2.997505608,2
2302,Moderate,1.176189034,4
2303,Moderate,1.668924546,4
2304,High,1.623004075,4
2305,Very Low,0.517793128,4
2306,Very Low,1.946100698,4
2307,High,2.815003048,2
2308,High,1.248182567,4
2309,Moderate,2.759014343,2
2310,High,1.921294208,4
2311,Very Low,2.732290676,2
2312,Moderate,2.228608619,3
2313,Very Low,2.611688473,2
2314,Very Low,2.197776727,3
2315,High,3.335506793,1
2316,Very Low,1.721597963,4
2317,Low,3.287973198,1
2318,High,2.561964557,2
2319,Very Low,2.358571866,3
2320,High,1.497673654,4
2321,High,3.517237129,0
2322,Moderate,2.40408982,3
2323,Very Low,2.517228982,2
2324,Low,2.435244282,3
2325,Low,1.283227506,4
2326,Low,1.099434304,4
2327,Low,2.191196795,3
2328,High,1.584478764,4
2329,Very Low,0.475730833,4
2330,Moderate,1.207268546,4
2331,Very Low,0.264924163,4
2332,Moderate,2.70665962,2
2333,High,1.530427889,4
2334,Low,3.127452528,1
2335,Very Low,1.003614146,4
2336,Moderate,3.369218605,1
2337,Moderate,2.791386108,2
2338,Moderate,0.673525946,4
2339,Low,0.337554141,4
2340,Low,0.886889416,4
2341,High,1.506662773,4
2342,High,1.705199389,4
2343,Low,1.972791414,4
2344,High,2.626082829,2
2345,Low,1.671968653,4
2346,Low,3.093760925,1
2347,Very Low,1.64337376,4
2348,Low,0.339206699,4
2349,Moderate,1.926359068,4
2350,Very Low,0.449906208,4
2351,Low,0.709570839,4
2352,High,1.748279682,4
2353,Moderate,0.972168258,4
2354,Moderate,1.934935784,4
2355,High,0.690347884,4
2356,Very Low,0.730366159,4
2357,Moderate,0.682265165,4
2358,High,3.023482483,1
2359,Moderate,3.729652301,0
2360,Low,0.841963225,4
2361,Very Low,2.584174279,2
2362,High,3.372126043,1
2363,Low,3.060805402,1
2364,High,1.168052,4
2365,Moderate,1.349256122,4
2366,Moderate,1.117964826,4
2367,High,2.578667734,2
2368,Moderate,1.625551955,4
2369,Low,0.934016396,4
2370,Moderate,2.70263834,2
2371,High,2.964009263,2
2372,Low,2.267458132,3
2373,Low,1.753623068,4
2374,Very Low,2.023234082,3
2375,High,1.678012532,4
2376,Very Low,3.659836405,0
2377,Moderate,1.362744369,4
2378,Low,2.813805768,2
2379,Low,1.302711984,4
2380,Moderate,3.383911479,1
2381,Very Low,1.378751308,4
2382,Moderate,0.731486867,4
2383,High,0.400569479,4
2384,High,1.729073167,4
2385,Very Low,2.615653765,2
2386,High,2.986942737,2
2387,Moderate,2.126988971,3
2388,High,2.70811104,2
2389,Low,0.815777369,4
2390,Moderate,2.524423895,2
2391,High,0.908238604,4
2392,High,3.055690207,1
2393,Low,0.837946898,4
2394,Low,2.833576111,2
2395,Low,0.785213568,4
2396,Low,1.885614785,4
2397,Low,2.701230508,2
2398,Low,1.521915901,4
2399,High,1.879725987,4
2400,Very Low,2.037348017,3
2401,Moderate,2.520673675,2
2402,Very Low,0.136165908,4
2403,Low,1.974655245,4
2404,Very Low,2.194980372,3
2405,Low,1.717995924,4
2406,High,2.510328721,2
2407,High,2.434950557,3
2408,Very Low,1.355053462,4
2409,Low,1.545255105,4
2410,Low,1.619030513,4
2411,High,2.020741652,3
2412,High,0.983576997,4
2413,Moderate,2.062468267,3
2414,Moderate,2.644194209,2
2415,High,1.347863829,4
2416,Very Low,3.055253982,1
2417,Low,2.513692715,2
2418,High,2.340371914,3
2419,Moderate,1.582093266,4
2420,Moderate,3.565524163,0
2421,Moderate,1.60147255,4
2422,Low,2.637266429,2
2423,Moderate,0.905209948,4
2424,Moderate,1.576756471,4
2425,Low,1.785051808,4
2426,Moderate,1.880065093,4
2427,High,2.555223105,2
2428,Very Low,1.574306088,4
2429,Low,1.813846622,4
2430,Low,2.584468263,2
2431,Moderate,0.529798609,4
2432,Very Low,0.714651286,4
2433,Moderate,2.737474166,2
2434,High,1.270529562,4
2435,Low,0.750888043,4
2436,High,3.752639353,0
2437,High,1.162257801,4
2438,Very Low,1.871465901,4
2439,Very Low,1.074937389,4
2440,High,1.312772414,4
2441,High,1.702881675,4
2442,Very Low,0.540375157,4
2443,Very Low,0.341822388,4
2444,Very Low,0.269720862,4
2445,High,2.504167767,2
2446,Very Low,0.530358189,4
2447,Moderate,0.82010553,4
2448,High,3.408489771,1
2449,Very Low,1.350329806,4
2450,Moderate,2.029736582,3
2451,Low,1.774531103,4
2452,High,1.991909949,4
2453,Low,0.754035723,4
2454,Moderate,1.491382129,4
2455,Moderate,2.157391833,3
2456,Very Low,3.107348401,1
2457,Very Low,1.999571861,4
2458,Low,1.363340948,4
2459,Low,1.306868039,4
2460,High,0.588555623,4
2461,High,0.681956139,4
2462,Low,2.818581824,2
2463,Moderate,0.744692833,4
2464,Moderate,0.725192946,4
2465,High,2.92682044,2
2466,Low,0.552257573,4
2467,Low,1.298729107,4
2468,Low,1.186737828,4
2469,Moderate,3.332788588,1
2470,Low,1.489067021,4
2471,Low,3.307378114,1
2472,Very Low,1.610940683,4
2473,Moderate,2.057378501,3
2474,Very Low,1.673711404,4
2475,Very Low,0.490630062,4
2476,Low,2.231656972,3
2477,Very Low,2.259451154,3
2478,Moderate,3.45446246,1
2479,Low,2.15861017,3
2480,Low,2.747908443,2
2481,Moderate,3.32390296,1
2482,Very Low,0.909763533,4
2483,Very Low,1.1678958,4
2484,High,1.220417976,4
2485,Low,2.334525644,3
2486,Low,2.844732262,2
2487,Very Low,0.972247738,4
2488,Low,0.856397043,4
2489,Moderate,0.952675033,4
2490,Moderate,3.235302581,1
2491,Moderate,2.533432396,2
2492,Very Low,2.772388537,2
2493,Low,0.946767905,4
2494,High,1.315464371,4
2495,High,3.318208029,1
2496,Very Low,2.33110892,3
2497,Low,2.905973098,2
2498,Very Low,3.344575198,1
2499,Very Low,2.168178925,3
2500,Low,0.211194223,4
2501,Very Low,0,4
2502,Moderate,0.893986013,4
2503,Moderate,1.830793245,4
2504,Very Low,2.465117414,3
2505,Very Low,2.650522344,2
2506,High,3.161961511,1
2507,Very Low,2.905702974,2
2508,Moderate,3.732684701,0
2509,Low,2.109686328,3
2510,Moderate,2.546634578,2
2511,Low,2.115603969,3
2512,Very Low,0.48378939,4
2513,Very Low,0,4
2514,Very Low,1.811155481,4
2515,Low,2.674162551,2
2516,Moderate,3.102745561,1
2517,Low,2.432896398,3
2518,Very Low,0.591872336,4
2519,Moderate,1.419798985,4
2520,Moderate,1.364982521,4
2521,High,3.524855823,0
2522,Moderate,3.056218177,1
2523,Low,2.570682492,2
2524,Moderate,2.134832886,3
2525,High,2.301932108,3
2526,High,3.354368116,1
2527,Low,2.252575524,3
2528,Very Low,2.059778342,3
2529,Low,2.705024407,2
2530,Moderate,1.820843734,4
2531,Moderate,3.260950491,1
2532,Moderate,0.741527556,4
2533,Very Low,2.943750198,2
2534,Moderate,0.447482856,4
2535,High,1.844059264,4
2536,Low,1.899197563,4
2537,Moderate,3.378845727,1
2538,Low,1.666640098,4
2539,High,3.309453585,1
2540,High,2.761823751,2
2541,Moderate,2.042537979,3
2542,Moderate,1.487476937,4
2543,High,2.873972282,2
2544,Low,2.015949465,3
2545,Low,1.070296764,4
2546,High,2.605399264,2
2547,Very Low,3.363389119,1
2548,Low,2.125090595,3
2549,High,1.05066898,4
2550,Moderate,1.580050524,4
2551,Low,1.397062952,4
2552,Very Low,1.165787162,4
2553,Low,0.962072486,4
2554,Low,2.310235179,3
2555,Very Low,0.935779341,4
2556,Moderate,2.93800283,2
2557,Low,2.767151338,2
2558,Low,3.026983311,1
2559,Low,1.536419479,4
2560,High,2.495379497,3
2561,Low,1.61557166,4
2562,Very Low,2.210371328,3
2563,Very Low,1.798015444,4
2564,Moderate,1.566288518,4
2565,Moderate,2.921386757,2
2566,Low,2.519724823,2
2567,Low,1.489207319,4
2568,Very Low,1.663637124,4
2569,Moderate,0.773784206,4
2570,Moderate,0.891624046,4
2571,Very Low,2.215087049,3
2572,Very Low,0.651515021,4
2573,Very Low,0.974017417,4
2574,Very Low,0.341393542,4
2575,Moderate,2.773483879,2
2576,Very Low,2.497877304,3
2577,Low,2.076443746,3
2578,Very Low,0.773427636,4
2579,High,0.988153077,4
2580,High,1.37757284,4
2581,Very Low,0.47659774,4
2582,Low,1.836242137,4
2583,Very Low,2.924032115,2
2584,Low,2.288768203,3
2585,Very Low,0.822107889,4
2586,Moderate,1.467549103,4
2587,Moderate,0.654489821,4
2588,High,1.826265078,4
2589,Very Low,2.167614892,3
2590,High,1.812581086,4
2591,High,3.010135528,1
2592,Very Low,2.136653209,3
2593,Low,2.296814521,3
2594,Very Low,1.499666675,4
2595,Low,2.527606694,2
2596,Low,1.378777262,4
2597,Moderate,2.461977068,3
2598,Low,2.142708088,3
2599,High,3.478519715,1
2600,Very Low,1.135969891,4
2601,High,3.315632433,1
2602,Very Low,0.94529904,4
2603,High,3.36009771,1
2604,Low,3.583447605,0
2605,Very Low,2.268905392,3
2606,High,3.394649867,1
2607,Low,0.423991948,4
2608,Moderate,0.835989766,4
2609,Moderate,1.286083735,4
2610,Low,2.131780854,3
2611,Low,3.30866402,1
2612,Moderate,0.958776298,4
2613,Very Low,2.539771016,2
2614,Moderate,3.012897487,1
2615,High,3.167455277,1
2616,Very Low,1.904515902,4
2617,Very Low,3.033291954,1
2618,Moderate,3.457711726,1
2619,Low,2.450335443,3
2620,Low,1.164702428,4
2621,Very Low,0.827082916,4
2622,Moderate,2.398314479,3
2623,Very Low,0,4
2624,Low,2.757797931,2
2625,High,0.347836976,4
2626,Low,1.676727437,4
2627,Low,0.574278,4
2628,High,3.10399438,1
2629,Moderate,2.802073834,2
2630,High,2.127589297,3
2631,Low,2.688349836,2
2632,High,2.78376521,2
2633,Very Low,3.133768039,1
2634,Very Low,2.618699895,2
2635,Very Low,0.771677492,4
2636,Low,2.274842047,3
2637,High,1.539619406,4
2638,Low,1.128068364,4
2639,Moderate,1.595627367,4
2640,Moderate,3.138498873,1
2641,Moderate,0.798886573,4
2642,Low,2.972883441,2
2643,Moderate,1.556218796,4
2644,Low,1.852671741,4
2645,Very Low,0.974968345,4
2646,High,1.391431871,4
2647,Very Low,0.236497222,4
2648,Very Low,2.629933234,2
2649,High,0.529603259,4
2650,Low,2.319119147,3
2651,Moderate,2.759021765,2
2652,Low,2.096065652,3
2653,Low,0.745518983,4
2654,Low,1.794667106,4
2655,Low,0.701263713,4
2656,Low,2.457901407,3
2657,Moderate,0.42913728,4
2658,Moderate,3.016897868,1
2659,High,3.618272712,0
2660,Very Low,0.425813761,4
2661,Moderate,2.735960967,2
2662,Moderate,0.223430509,4
2663,High,1.011746757,4
2664,Very Low,2.573440474,2
2665,Moderate,0.200145527,4
2666,High,0.802647806,4
2667,Very Low,0.539645751,4
2668,High,2.481595434,3
2669,Very Low,1.633811562,4
2670,Moderate,2.401469995,3
2671,High,1.265891445,4
2672,Moderate,1.266286344,4
2673,Low,1.62246463,4
2674,Very Low,1.858296307,4
2675,High,0.640439809,4
2676,Low,1.39789719,4
2677,Very Low,1.429180582,4
2678,Moderate,2.934692102,2
2679,Low,0.632826221,4
2680,Very Low,2.565347318,2
2681,Very Low,0.397989397,4
2682,Very Low,2.064564303,3
2683,Moderate,3.121119482,1
2684,Moderate,1.920609663,4
2685,Moderate,2.329909645,3
2686,High,1.272010108,4
2687,High,1.066424623,4
2688,Moderate,2.905384066,2
2689,Very Low,2.567031803,2
2690,Moderate,1.694384385,4
2691,Low,2.801388939,2
2692,Moderate,1.813628891,4
2693,Moderate,3.343278194,1
2694,Low,2.184691612,3
2695,High,3.492211997,1
2696,Very Low,1.813679554,4
2697,Moderate,2.772549372,2
2698,Very Low,2.440006097,3
2699,High,2.868464156,2
2700,Very Low,0.516631514,4
2701,Very Low,2.89147847,2
2702,Low,0.710956982,4
2703,Low,0.424432895,4
2704,Very Low,2.248337588,3
2705,Moderate,2.715490936,2
2706,Low,4,0
2707,Very Low,2.676389709,2
2708,Low,1.854700442,4
2709,High,3.548520551,0
2710,Moderate,1.952333649,4
2711,Moderate,1.849643388,4
2712,Moderate,0.875201088,4
2713,Low,1.79355573,4
2714,Very Low,1.855666912,4
2715,Low,0.551139653,4
2716,High,1.580398636,4
2717,High,1.874157778,4
2718,Low,0.5152394,4
2719,Very Low,1.331229486,4
2720,Very Low,1.621772736,4
2721,Low,0.384375396,4
2722,Moderate,1.36356155,4
2723,Very Low,1.479668777,4
2724,High,1.581203876,4
2725,Low,0,4
2726,High,1.886578593,4
2727,High,0.863545352,4
2728,High,1.488705295,4
2729,Moderate,1.472900493,4
2730,Moderate,1.344085718,4
2731,Moderate,1.364736911,4
2732,Moderate,3.830205375,0
2733,Moderate,1.597365745,4
2734,High,3.320316974,1
2735,Moderate,0.648705395,4
2736,High,1.01826465,4
2737,High,2.4407699,3
2738,Very Low,3.152519371,1
2739,Very Low,0.217042011,4
2740,Low,1.811622381,4
2741,Moderate,2.777966932,2
2742,High,1.223828265,4
2743,Low,1.101939932,4
2744,Moderate,2.06017205,3
2745,Moderate,2.524422658,2
2746,Very Low,1.966514042,4
2747,Moderate,2.841519002,2
2748,High,2.200020267,3
2749,Very Low,0.925269361,4
2750,Moderate,1.842584135,4
2751,Moderate,2.669640829,2
2752,Very Low,1.32766643,4
2753,Very Low,0.754750671,4
2754,High,1.845656784,4
2755,Low,1.537989779,4
2756,Very Low,1.580926627,4
2757,Very Low,2.883799715,2
2758,Moderate,3.054990811,1
2759,Moderate,0.328085704,4
2760,Moderate,0.611569306,4
2761,Very Low,1.567412438,4
2762,High,1.219747245,4
2763,Low,3.021398881,1
2764,Low,2.262147696,3
2765,Low,1.455085453,4
2766,Low,2.448840531,3
2767,High,1.280041579,4
2768,High,1.043380128,4
2769,Low,1.03518153,4
2770,High,1.573051021,4
2771,High,2.898151346,2
2772,High,1.820920109,4
2773,Very Low,0.728794517,4
2774,Moderate,0.902357255,4
2775,Low,2.421061773,3
2776,High,1.221299421,4
2777,Very Low,1.996107386,4
2778,Moderate,0.622706295,4
2779,Low,2.902602513,2
2780,Low,1.348607002,4
2781,Moderate,1.351141052,4
2782,High,2.745554083,2
2783,Moderate,2.993214464,2
2784,High,1.589269707,4
2785,Low,1.653099762,4
2786,Moderate,2.136285525,3
2787,Low,0.737048752,4
2788,Very Low,0.352751959,4
2789,Moderate,0.690156791,4
2790,Moderate,0.94304592,4
2791,Moderate,1.881978741,4
2792,Moderate,2.474039537,3
2793,Moderate,2.507742674,2
2794,Very Low,1.563591912,4
2795,Very Low,2.455643755,3
2796,Moderate,2.736604875,2
2797,Low,3.26201999,1
2798,Very Low,2.283870956,3
2799,Low,1.154410009,4
2800,Moderate,2.789099828,2
2801,Low,1.538689251,4
2802,Moderate,3.05607009,1
2803,Moderate,0.740896702,4
2804,Low,2.49968118,3
2805,High,0.89524998,4
2806,Moderate,0.774284814,4
2807,Moderate,3.014802534,1
2808,Moderate,1.821442174,4
2809,Very Low,2.543009095,2
2810,Moderate,0.64545438,4
2811,Low,2.631367841,2
2812,High,2.712420466,2
2813,High,2.672755461,2
2814,Moderate,1.714811785,4
2815,Low,0.210979179,4
2816,Very Low,1.859071573,4
2817,Low,2.672866707,2
2818,Low,2.719201157,2
2819,Low,0.736992886,4
2820,Moderate,2.295213478,3
2821,Very Low,0.840690941,4
2822,High,2.131628504,3
2823,Very Low,0.992296574,4
2824,High,1.451872243,4
2825,High,2.860396826,2
2826,Moderate,1.182565054,4
2827,Moderate,0.130654238,4
2828,Low,3.362716215,1
2829,Moderate,2.251847104,3
2830,Low,1.688476384,4
2831,Low,1.815401718,4
2832,Moderate,1.494869559,4
2833,Low,0,4
2834,Moderate,1.571786434,4
2835,Low,2.234685549,3
2836,Low,0.508656501,4
2837,Very Low,0.70167991,4
2838,Very Low,1.817789572,4
2839,Low,2.337558462,3
2840,Very Low,1.763324116,4
2841,Very Low,1.580149839,4
2842,High,1.513660413,4
2843,Very Low,0.546839868,4
2844,Moderate,3.112170722,1
2845,Low,0.30759406,4
2846,High,2.22851143,3
2847,Low,2.506415414,2
2848,Low,1.977538044,4
2849,Moderate,2.340811013,3
2850,Low,1.26112824,4
2851,Moderate,1.783001896,4
2852,Very Low,1.501240092,4
2853,High,2.239253985,3
2854,Low,3.823801328,0
2855,Low,0.895261805,4
2856,Moderate,3.532640383,0
2857,Low,1.022641734,4
2858,High,1.960538709,4
2859,Low,2.745491801,2
2860,Moderate,1.554112899,4
2861,Very Low,0.706825346,4
2862,High,2.823600085,2
2863,Moderate,1.293408827,4
2864,Very Low,2.126276926,3
2865,Very Low,1.112671201,4
2866,Low,1.261587709,4
2867,High,1.078485135,4
2868,Low,0.675458391,4
2869,Low,0.68547287,4
2870,Very Low,1.020926365,4
2871,Low,3.427620858,1
2872,Moderate,3.248572792,1
2873,High,2.278951505,3
2874,Moderate,0.833079022,4
2875,High,0.857092794,4
2876,Moderate,1.744497663,4
2877,Very Low,2.806877505,2
2878,Low,3.490543307,1
2879,Moderate,0.693964852,4
2880,High,2.161558737,3
2881,High,1.893344472,4
2882,Very Low,2.882958071,2
2883,Very Low,3.270373861,1
2884,Very Low,1.0270156,4
2885,High,2.489668902,3
2886,High,1.708798771,4
2887,High,2.324093257,3
2888,Low,2.197491146,3
2889,Moderate,2.5001133,2
2890,Low,1.050005852,4
2891,Low,2.438440919,3
2892,Moderate,1.914601844,4
2893,Very Low,1.62783713,4
2894,Very Low,1.069524152,4
2895,High,2.369652313,3
2896,High,2.974740695,2
2897,Low,0.357808892,4
2898,Moderate,1.92255149,4
2899,Low,0.330966908,4
2900,Moderate,3.219685483,1
2901,High,3.951459951,0
2902,High,2.795210553,2
2903,Moderate,3.561743268,0
2904,Very Low,1.361088227,4
2905,Low,0.738958982,4
2906,Low,2.320772544,3
2907,Low,2.837891418,2
2908,High,0.827339491,4
2909,Low,0.875883705,4
2910,Very Low,1.467968316,4
2911,Low,2.122102757,3
2912,High,2.481813409,3
2913,Very Low,2.876083673,2
2914,Moderate,1.662692199,4
2915,Low,2.964058726,2
2916,Very Low,2.032178463,3
2917,Low,3.207819245,1
2918,Moderate,2.553484846,2
2919,Moderate,3.128858646,1
2920,High,4,0
2921,Low,1.357062701,4
2922,Very Low,0.684887998,4
2923,High,2.234696287,3
2924,Low,1.953200561,4
2925,Moderate,2.470924003,3
2926,High,2.512488759,2
2927,Low,2.097251578,3
2928,Moderate,1.345131463,4
2929,Very Low,2.241727972,3
2930,Low,2.637348955,2
2931,Very Low,0.286110039,4
2932,High,2.084547707,3
2933,Very Low,2.777885894,2
2934,Moderate,0.484183196,4
2935,High,2.875735286,2
2936,Moderate,3.471337214,1
2937,Moderate,1.318074459,4
2938,Low,2.715908932,2
2939,Low,3.474561845,1
2940,Low,0.934942991,4
2941,Moderate,0.51852243,4
2942,High,2.726094629,2
2943,High,3.09906465,1
2944,High,2.073545292,3
2945,High,1.983133992,4
2946,Low,0.766273679,4
2947,Moderate,0.636132934,4
2948,High,1.148033413,4
2949,Low,1.75040468,4
2950,High,2.821108107,2
2951,Low,3.240512074,1
2952,Moderate,0.705861631,4
2953,Moderate,2.912722178,2
2954,High,2.894723042,2
2955,Very Low,1.777279849,4
2956,Moderate,2.457187515,3
2957,Moderate,1.939076537,4
2958,Low,2.291686152,3
2959,High,0.584740729,4
2960,Moderate,2.90546616,2
2961,Moderate,1.738942134,4
2962,Low,1.669807052,4
2963,Low,1.648288922,4
2964,Moderate,2.71039131,2
2965,Low,1.956169126,4
2966,Very Low,0.672936198,4
2967,High,2.607172929,2
2968,Moderate,1.5660205,4
2969,Moderate,2.197394592,3
2970,Low,2.332971817,3
2971,Low,1.773293697,4
2972,Low,1.149649627,4
2973,Low,0.840985451,4
2974,Moderate,1.563574034,4
2975,Moderate,0.870713478,4
2976,Low,0.613165988,4
2977,Very Low,2.572391709,2
2978,Low,2.307596623,3
2979,Very Low,2.318046521,3
2980,Very Low,2.310557286,3
2981,High,1.585820037,4
2982,Moderate,1.63061374,4
2983,Moderate,1.5586322,4
2984,Low,0.683505301,4
2985,High,0.970912379,4
2986,Moderate,3.344626675,1
2987,High,1.885916652,4
2988,Low,1.469964557,4
2989,High,1.436375445,4
2990,High,3.399542858,1
2991,High,3.563535791,0
2992,Very Low,2.07443875,3
2993,Low,2.504005287,2
2994,Low,0.966948807,4
2995,Low,2.691044205,2
2996,High,0.864785084,4
2997,Very Low,1.993952453,4
2998,Very Low,1.20017972,4
2999,Low,2.195712898,3
3000,Very Low,1.901266524,4
3001,Very Low,0.839976524,4
3002,High,1.362043769,4
3003,Moderate,0.850743865,4
3004,Very Low,1.003365306,4
3005,Low,1.390539698,4
3006,Low,2.439981326,3
3007,Very Low,1.243311716,4
3008,Moderate,1.964846656,4
3009,Moderate,2.688229331,2
3010,Moderate,2.739701667,2
3011,Moderate,2.496121936,3
3012,Very Low,2.968807133,2
3013,High,2.215944169,3
3014,High,3.503743265,0
3015,High,3.384729472,1
3016,Very Low,1.41760401,4
3017,High,1.139337063,4
3018,High,0.769589864,4
3019,High,2.348443454,3
3020,Very Low,0.32183143,4
3021,Moderate,1.124137186,4
3022,High,2.717096954,2
3023,Moderate,2.65654078,2
3024,Moderate,1.527748066,4
3025,High,2.735672949,2
3026,Low,3.748102281,0
3027,Moderate,1.706212489,4
3028,Low,0.959041523,4
3029,High,4,0
3030,Very Low,1.858924856,4
3031,Moderate,1.000775557,4
3032,Moderate,2.413651873,3
3033,High,1.172191633,4
3034,Moderate,0.2759351,4
3035,High,1.90764038,4
3036,High,2.018579782,3
3037,Very Low,0.91571218,4
3038,Low,3.12911664,1
3039,Very Low,1.945989188,4
3040,Low,1.510058697,4
3041,Moderate,0.153031812,4
3042,High,1.711984677,4
3043,High,1.419977099,4
3044,Very Low,2.438731253,3
3045,Very Low,0.316755974,4
3046,Moderate,3.543315915,0
3047,Moderate,3.125269662,1
3048,Low,0.655011588,4
3049,High,3.511613863,0
3050,High,2.862562819,2
3051,Low,1.116228461,4
3052,High,3.201181955,1
3053,Low,0.100592148,4
3054,Moderate,3.017133682,1
3055,Low,2.220548509,3
3056,Very Low,1.111068462,4
3057,High,0.991892391,4
3058,Low,1.175347658,4
3059,Moderate,2.292539642,3
3060,Low,2.294221357,3
3061,Very Low,0.369920627,4
3062,Very Low,0.665741207,4
3063,Low,0.728918814,4
3064,Moderate,1.010198034,4
3065,Low,1.829810546,4
3066,Moderate,0.94094722,4
3067,Moderate,1.152866691,4
3068,Moderate,3.030196983,1
3069,Low,1.757091954,4
3070,High,1.966123443,4
3071,Low,1.301643736,4
3072,Low,3.772896608,0
3073,Very Low,1.922165909,4
3074,Low,1.789036776,4
3075,Very Low,0.632988118,4
3076,Moderate,2.850435292,2
3077,Very Low,2.684821287,2
3078,Low,1.89934025,4
3079,High,2.454306702,3
3080,Low,1.208332283,4
3081,Very Low,1.526916046,4
3082,Very Low,2.686716754,2
3083,High,1.130785359,4
3084,Very Low,0.741103055,4
3085,Low,2.893400295,2
3086,Moderate,1.376380688,4
3087,Moderate,1.935602561,4
3088,Moderate,1.058311352,4
3089,High,1.230428756,4
3090,Very Low,0.14706887,4
3091,Low,1.169690514,4
3092,Low,1.016215042,4
3093,Very Low,2.521027735,2
3094,Low,2.027841922,3
3095,Low,2.670947554,2
3096,Moderate,2.872879366,2
3097,Moderate,1.029648645,4
3098,Low,1.757497313,4
3099,Moderate,1.895283343,4
3100,Low,2.035367286,3
3101,Low,2.053147894,3
3102,Moderate,2.329719254,3
3103,Very Low,1.756211553,4
3104,Very Low,2.827342954,2
3105,Low,0.693712512,4
3106,High,2.953961922,2
3107,Moderate,0.989468441,4
3108,Very Low,2.137068106,3
3109,High,3.032105333,1
3110,Moderate,2.804363175,2
3111,Moderate,0.612802502,4
3112,High,2.20223294,3
3113,Low,1.410262038,4
3114,Very Low,1.441409543,4
3115,Moderate,1.233587021,4
3116,Moderate,2.790575147,2
3117,Moderate,0.378543635,4
3118,Moderate,2.172812322,3
3119,High,2.391687683,3
3120,High,1.783107467,4
3121,High,1.785926986,4
3122,High,1.268772123,4
3123,High,1.486865652,4
3124,Very Low,1.061935997,4
3125,Low,0,4
3126,Low,2.15161798,3
3127,High,3.597489094,0
3128,Moderate,3.812757188,0
3129,Moderate,1.176781506,4
3130,Very Low,1.948327516,4
3131,Low,1.808097198,4
3132,Moderate,3.22214009,1
3133,Very Low,0.809260143,4
3134,Low,1.29459288,4
3135,Low,1.077747684,4
3136,Low,2.920181898,2
3137,Moderate,0.796142916,4
3138,Low,1.446052352,4
3139,Moderate,0.940184257,4
3140,Very Low,1.782060667,4
3141,High,1.10589987,4
3142,Low,2.813470345,2
3143,Moderate,1.651786672,4
3144,Moderate,3.603507572,0
3145,Very Low,1.526960289,4
3146,High,3.459044734,1
3147,Moderate,3.333970002,1
3148,Low,1.718181723,4
3149,Very Low,3.183232489,1
3150,High,0.996647663,4
3151,High,2.525086322,2
3152,Very Low,0.512852046,4
3153,Low,2.864498067,2
3154,High,1.733364047,4
3155,Moderate,2.986891621,2
3156,High,2.565368053,2
3157,Low,3.139189305,1
3158,Moderate,3.636416568,0
3159,Low,1.467442367,4
3160,Very Low,1.799531149,4
3161,Moderate,3.183126117,1
3162,High,1.441964197,4
3163,Low,1.881588987,4
3164,Low,3.132629297,1
3165,Moderate,0.814285349,4
3166,Moderate,2.477790374,3
3167,High,2.971332016,2
3168,High,2.071972431,3
3169,Very Low,1.635686733,4
3170,High,0.906276516,4
3171,High,0.809067853,4
3172,High,1.683832026,4
3173,Moderate,3.138784394,1
3174,High,1.79895034,4
3175,Very Low,1.687307435,4
3176,Low,0.903085577,4
3177,High,3.137624351,3
3178,Very Low,3.18921717,2
3179,Very Low,1.795369078,3
3180,High,2.4359582,4
3181,High,1.688489609,4
3182,Very Low,1.844056379,1
3183,High,1.305584514,2
3184,Moderate,3.545153036,2
3185,Moderate,2.172345542,4
3186,High,0.375147851,4
3187,Low,1.557870493,3
3188,Very Low,2.18571084,3
3189,Low,2.459804672,1
3190,Moderate,0.427568507,4
3191,Moderate,0.871999115,3
3192,High,3.222937499,1
3193,High,0.818126103,2
3194,Moderate,0.618936614,4
3195,High,1.174609514,0
3196,Very Low,2.800569084,4
3197,Very Low,2.995458296,3
3198,High,3.353659743,4
3199,Very Low,2.732661197,0
3200,Very Low,2.555667543,4
3201,Moderate,2.378050042,3
3202,Low,2.060792459,2
3203,High,3.115250556,3
3204,Low,3.453790619,1
3205,Very Low,0,3
3206,Low,1.028183689,1
3207,Moderate,1.989455196,4
3208,Low,1.672034058,1
3209,Moderate,0.87626666,4
3210,High,0.859745288,1
3211,High,1.970600159,3
3212,Low,2.268850734,0
3213,Low,1.119441018,4
3214,Moderate,2.370893097,1
3215,High,1.499701932,0
3216,High,1.87909846,1
3217,Very Low,1.699348106,1
3218,Moderate,3.36759116,1
3219,Low,1.287818998,3
3220,Very Low,0,1
3221,Very Low,0.57640272,0
3222,Low,1.992298847,1
3223,Low,3.043931624,2
3224,Very Low,1.756186168,4
3225,Moderate,3.253785962,3
3226,Low,1.093387571,2
3227,Moderate,0.763471998,2
3228,Low,2.297355586,0
3229,Very Low,1.651156129,0
3230,Low,2.827614868,3
3231,Very Low,2.055772256,3
3232,Moderate,0.769740612,4
3233,Very Low,2.635693451,1
3234,Moderate,1.933779809,3
3235,Very Low,2.71575327,3
3236,Moderate,1.325172784,1
3237,High,1.24509114,4
3238,Very Low,1.333974103,0
3239,Low,2.622327676,4
3240,Very Low,2.407284043,1
3241,Moderate,2.26616031,0
3242,Low,1.760999679,0
3243,Moderate,0.813017422,0
3244,Moderate,2.192414534,4
3245,High,3.211743755,1
3246,Moderate,1.278235666,4
3247,Moderate,0.923831698,4
3248,Low,1.325039017,2
3249,High,1.609410277,3
3250,High,1.262848732,4
3251,Low,2.243593091,2
3252,High,1.557687965,1
3253,Low,1.162574074,2
3254,High,1.680661182,4
3255,High,1.599424076,1
3256,Very Low,1.273818176,2
3257,Moderate,2.210289203,4
3258,Low,1.008571903,1
3259,Low,0.968725635,1
3260,Low,2.681277359,3
3261,Moderate,2.401373853,4
3262,Very Low,2.376854346,3
3263,Very Low,1.947676936,1
3264,Moderate,1.779756126,1
3265,Very Low,0.557548887,2
3266,Very Low,2.795405809,3
3267,Very Low,1.51476376,0
3268,Low,3.040729613,4
3269,Low,3.208461746,3
3270,Very Low,0.621119928,1
3271,High,2.799669734,2
3272,Moderate,1.302392884,4
3273,Low,3.482452519,4
3274,Low,1.252348589,2
3275,Low,1.169745803,1
3276,Moderate,2.284791447,0
3277,Very Low,1.021019253,2
3278,Very Low,2.897355004,0
3279,High,3.275903453,3
3280,Low,2.430091199,4
3281,Low,3.228448079,1
3282,High,0.214570091,0
3283,Moderate,2.024030376,1
3284,Low,3.034167439,3
3285,Moderate,1.699825309,0
3286,Very Low,2.095648191,1
3287,Moderate,0.524213567,1
3288,Low,1.302641404,3
3289,High,2.137124411,2
3290,High,2.422276094,3
3291,High,2.569614181,0
3292,High,2.702958618,0
3293,Moderate,2.3116705,4
3294,Low,3.384992089,1
3295,Low,0.390755887,0
3296,Moderate,3.597766084,2
3297,High,2.275665113,2
3298,Very Low,2.710576701,3
3299,High,2.555975376,0
3300,High,1.027727966,0
3301,High,2.095691365,4
3302,High,2.380839869,4
3303,Low,0.662078737,4
3304,Very Low,1.996513116,0
3305,Very Low,2.139864151,3
3306,Low,1.361434707,3
3307,Moderate,0.495859041,3
3308,High,1.287667357,3
3309,High,2.665075552,2
3310,Moderate,0.954787542,0
3311,Very Low,0,1
3312,Very Low,2.316959974,0
3313,Very Low,0.674362944,3
3314,Low,2.536633782,2
3315,Moderate,2.343331353,2
3316,Very Low,2.240450838,0
3317,Low,3.052640958,1
3318,Very Low,0.953840685,3
3319,Moderate,2.596111265,2
3320,Low,4,3
3321,Low,1.08238995,3
3322,Low,0.528225551,3
3323,High,1.462746292,4
3324,Very Low,2.006721725,3
3325,Moderate,0.473300871,3
3326,Moderate,2.378048945,1
3327,Moderate,3.546432809,1
3328,High,2.288466675,4
3329,Low,1.339935509,4
3330,Low,0.813147627,3
3331,Very Low,1.556106071,2
3332,Moderate,3.262922355,2
3333,Low,2.179357069,0
3334,Very Low,2.220050547,2
3335,Moderate,2.226513595,2
3336,Moderate,1.565647848,1
3337,Very Low,2.078777899,0
3338,Moderate,1.562411262,0
3339,Moderate,3.57294532,1
3340,Very Low,2.073033167,2
3341,Low,1.288937696,2
3342,Moderate,2.547449606,0
3343,Moderate,2.037768575,2
3344,Low,2.915898133,0
3345,Low,2.799063885,2
3346,Moderate,3.250110011,3
3347,High,1.823323103,1
3348,Moderate,2.992912336,4
3349,Very Low,2.631736304,3
3350,Low,0.932669739,2
3351,High,0.872209536,4
3352,Very Low,2.45150244,3
3353,High,3.495949742,1
3354,High,1.088882482,4
3355,Very Low,3.979420918,4
3356,High,1.52101349,1
3357,Low,0.766257447,3
3358,High,2.471395779,4
3359,Low,3.286585134,1
3360,Low,2.121473442,3
3361,Moderate,1.347633493,2
3362,High,2.462943118,0
3363,Very Low,1.041028901,2
3364,Moderate,2.669979035,2
3365,Very Low,2.735041611,0
3366,Low,2.742091794,2
3367,Low,0.984294295,2
3368,Low,1.454722898,1
3369,Low,3.158592324,1
3370,Very Low,1.06741085,3
3371,Very Low,0.569419885,4
3372,Very Low,1.934761727,3
3373,Low,1.849103876,1
3374,High,0.825019641,1
3375,Very Low,2.913898459,0
3376,High,1.164539166,0
3377,Moderate,2.928219391,1
3378,Moderate,2.652354813,2
3379,Moderate,0.709353374,3
3380,High,2.50949123,1
3381,Very Low,1.979379414,1
3382,Moderate,2.956254524,0
3383,Moderate,1.191929046,3
3384,Moderate,1.810037823,3
3385,High,2.539112849,4
3386,Very Low,1.395630675,1
3387,Moderate,2.000084011,4
3388,Moderate,3.455509411,0
3389,Low,3.279149727,4
3390,Low,1.14233288,2
3391,Moderate,1.803296763,1
3392,High,2.140013878,1
